x,M,mean_delay,p95_delay,throughput,ci_mean_low,ci_mean_high,ci_p95_low,ci_p95_high
0.0,50,2.390888750886022,2.9602765192138403,0.9990888888888889,2.3865165251102405,2.395260976661804,2.94480381657487,2.9757492218528108
0.0,100,2.5011757514459,3.2532747495183103,2.0086666666666666,2.496242092450178,2.5061094104416224,3.22562264197984,3.2809268570567807
0.0,150,2.7053749017956266,3.7751346085747444,3.0037111111111114,2.694701725128899,2.716048078462354,3.732499407958636,3.8177698091908527
0.0,200,3.250222949417156,5.252270455461058,4.004355555555556,3.2096909560387012,3.2907549427956106,5.084832627276824,5.419708283645293
0.0,250,25.170233969016586,46.62550442601463,4.94591111111111,19.467119383668248,30.873348554364924,39.13303007841675,54.117978773612506
0.0,300,478.5670387044321,807.2698557163201,4.8702444444444435,463.3304837010826,493.8035937077816,786.9545579823802,827.58515345026
0.0,350,825.8399204799747,1380.8691163389653,4.775377777777779,810.5565314701714,841.123309489778,1354.8629162963039,1406.8753163816268
0.0,400,1081.0886266279526,1793.7044504636433,4.673533333333333,1073.6866686778362,1088.490584578069,1785.9273724009163,1801.4815285263703
0.0,450,1308.00222978195,2124.041008639575,4.566244444444444,1289.9175910187755,1326.0868685451246,2107.2049525636608,2140.8770647154893
0.0,500,1505.2025503912657,2405.567630132927,4.442288888888889,1497.2691841825924,1513.135916599939,2396.790529633487,2414.3447306323674
0.1,50,2.260721588038768,2.936690980047429,0.9942666666666666,2.2551976360071575,2.2662455400703787,2.9237022766206056,2.9496796834742525
0.1,100,2.3656425971778576,3.2040053181403523,1.9999555555555557,2.3635550509508465,2.3677301434048688,3.187222993178707,3.2207876431019975
0.1,150,2.5580965679066017,3.7068575465979983,3.0014,2.543477570744413,2.5727155650687905,3.6590595439090814,3.754655549286915
0.1,200,3.086405396000676,5.2242925837075544,3.990377777777778,3.026662783928361,3.146148008072991,4.979395132399002,5.469190035016107
0.1,250,28.56042325412836,50.665007920688595,4.9463333333333335,18.38288521427407,38.73796129398265,35.15751161647535,66.17250422490184
0.1,300,470.71285956082465,794.2200038872148,4.895177777777778,450.1306939093352,491.2950252123141,765.5902114259862,822.8497963484434
0.1,350,817.6635736107767,1367.8270001878923,4.774377777777778,807.1972301421046,828.1299170794488,1354.635178466209,1381.0188219095755
0.1,400,1099.9591143357545,1805.155625219848,4.653266666666666,1086.9305174337674,1112.9877112377417,1784.7978000441954,1825.5134503955005
0.1,450,1310.4327549046286,2131.657285521063,4.551622222222223,1298.828070456202,1322.037439353055,2113.1426119534403,2150.1719590886855
0.1,500,1497.762384764056,2397.827137303165,4.444066666666666,1483.8667934165667,1511.6579761115452,2384.309711863539,2411.3445627427905
0.2,50,2.1323073232468337,2.8928042798902114,1.0089777777777778,2.1253879537482776,2.13922669274539,2.8778034509039303,2.9078051088764925
0.2,100,2.233866323351072,3.14728281781863,1.9956666666666667,2.225845081476258,2.2418875652258863,3.131183149384036,3.163382486253224
0.2,150,2.4271912450995625,3.6482169746679647,3.0044666666666666,2.414173537707985,2.44020895249114,3.601996419289017,3.6944375300469123
0.2,200,2.93359554912949,5.043207455657784,3.9904666666666673,2.8819878839660076,2.985203214292972,4.890686649287811,5.195728262027758
0.2,250,17.297094611854646,35.289084431998226,4.9537555555555555,12.97599441805059,21.618194805658703,27.05496600848907,43.52320285550738
0.2,300,479.86727978877695,811.4143902540787,4.87668888888889,462.22325452405823,497.5113050534957,790.143570862525,832.6852096456324
0.2,350,820.4833804345283,1386.3224998938556,4.763933333333332,807.4847806548471,833.4819802142094,1369.6070810823524,1403.0379187053588
0.2,400,1091.086212753013,1807.6717905718847,4.654288888888889,1079.063440053721,1103.1089854523048,1792.945737781588,1822.3978433621814
0.2,450,1322.4889159428956,2136.2047673156444,4.549511111111111,1310.9518332538942,1334.025998631897,2120.801132780735,2151.608401850554
0.2,500,1505.9044430467907,2406.468602359735,4.440288888888889,1494.8802851152964,1516.928600978285,2389.9982809425314,2422.9389237769387
0.3,50,2.006541099317136,2.86743575133264,1.0032444444444446,1.9956038501955224,2.01747834843875,2.8503453753163437,2.8845261273489364
0.3,100,2.109843002821303,3.090914505321412,1.9887777777777778,2.100870767434586,2.1188152382080196,3.067806146390658,3.114022864252166
0.3,150,2.3050563206366355,3.5473456890005735,2.9988888888888887,2.2898310371735415,2.3202816040997294,3.489818212479106,3.604873165522041
0.3,200,2.907845495098224,5.250406662324479,4.001955555555556,2.8241599175732146,2.991531072623234,4.890826993979384,5.609986330669574
0.3,250,30.504835367027795,56.05842612907253,4.949199999999999,23.654160499160824,37.355510234894766,46.694612555010906,65.42223970313415
0.3,300,468.79214438412146,796.7940871948441,4.87571111111111,454.6517874916672,482.9325012765757,775.523572949792,818.0646014398963
0.3,350,818.8038819052833,1373.9469983305326,4.778488888888889,792.4491423962414,845.1586214143252,1343.1976439664259,1404.6963526946392
0.3,400,1088.8753156705068,1799.6078636368638,4.671222222222221,1078.2921493418298,1099.4584819991837,1788.0147165806163,1811.2010106931114
0.3,450,1304.2901977845934,2130.40584731356,4.561111111111111,1295.5534999690624,1313.0268956001244,2117.775552009832,2143.036142617288
0.3,500,1502.4433103393428,2403.253635510191,4.438933333333333,1485.3701206666206,1519.516500012065,2387.948569986293,2418.558701034089
0.4,50,1.886711425756766,2.8337266634913716,1.001911111111111,1.8775387371254095,1.8958841143881227,2.821014615213624,2.8464387117691192
0.4,100,2.005367231255703,3.068979552048141,2.0038666666666662,1.9963338923124172,2.014400570198989,3.0498002160524607,3.0881588880438215
0.4,150,2.2150134415145586,3.5159115405307597,2.9914222222222224,2.2027688402421424,2.227258042786975,3.4864858189385854,3.545337262122934
0.4,200,2.7851967292079762,4.952879299947599,4.005022222222221,2.762472443454502,2.8079210149614506,4.867825765592118,5.037932834303079
0.4,250,35.37966312053514,56.51428133305819,4.947355555555555,20.202790080363446,50.55653616070684,38.45984730079138,74.568715365325
0.4,300,474.53827650756796,810.3546260710234,4.886177777777777,459.72848676108725,489.34806625404866,788.0289868068484,832.6802653351984
0.4,350,823.8765108097023,1375.7487069339356,4.779533333333334,808.9594799413198,838.7935416780847,1351.0393922476514,1400.4580216202198
0.4,400,1084.8542856329202,1782.7617948010934,4.685933333333333,1067.1946488406031,1102.5139224252373,1757.086156777063,1808.4374328251238
0.4,450,1311.3208416128884,2126.9559999610246,4.5574,1299.365259449876,1323.2764237759009,2114.819342837624,2139.0926570844254
0.4,500,1509.006854223855,2408.6445333354272,4.4392000000000005,1495.8555085278733,1522.1581999198368,2397.239505615227,2420.0495610556277
0.5,50,1.7692219491318841,2.792246462765557,1.0065777777777778,1.7580081466166195,1.7804357516471487,2.7750087959061696,2.8094841296249444
0.5,100,1.9037912090227178,3.019908218961258,1.978911111111111,1.8928775459225409,1.9147048721228948,3.0004740107424173,3.039342427180099
0.5,150,2.168850750738253,3.5731273513856507,3.0041777777777776,2.1525475564922676,2.185153944984238,3.5250117606132116,3.62124294215809
0.5,200,2.873265264387976,5.39633779553427,3.994155555555556,2.807145419752217,2.9393851090237346,5.146816588081893,5.645859002986648
0.5,250,27.753477790336756,49.21700917291332,4.963955555555556,20.614241827429304,34.89271375324421,38.87475185408198,59.559266491744665
0.5,300,478.03125891944694,818.4679505173926,4.872444444444445,456.0146284911164,500.04788934777747,782.8982266422373,854.037674392548
0.5,350,811.6474506703388,1359.2758619045233,4.7838,791.9274351344073,831.3674662062703,1337.1029134884673,1381.4488103205792
0.5,400,1086.1408133965913,1796.1690609472068,4.6658888888888885,1079.1614130617634,1093.1202137314192,1788.7106237751523,1803.6274981192614
0.5,450,1305.0636081920534,2116.359965047227,4.568355555555556,1291.8757081378942,1318.2515082462126,2104.5863091221636,2128.1336209722904
0.5,500,1512.0855531518641,2411.9511607039067,4.422066666666668,1498.237747776847,1525.9333585268812,2397.557138531697,2426.3451828761163
0.6,50,1.6506713094868615,2.742607923808067,0.9986,1.640412535437693,1.6609300835360299,2.7239958527662878,2.761219994849846
0.6,100,1.814386085414577,2.9842825372607855,1.9843333333333333,1.8027286172673314,1.8260435535618227,2.9533080682070465,3.0152570063145245
0.6,150,2.161347547963185,3.7068101556964117,3.0066888888888887,2.134570395042482,2.1881247008838884,3.635143740130065,3.7784765712627584
0.6,200,3.133173248707051,6.158675447630251,3.9904444444444445,3.0589682063828656,3.2073782910312367,5.906079435883561,6.41127145937694
0.6,250,39.790759840231885,75.85957236142882,4.943288888888889,31.17088249757001,48.410637182893765,59.414919250917634,92.30422547194
0.6,300,478.2941714687813,825.8416851210471,4.857044444444445,457.60563741855,498.98270551901265,793.504647010048,858.1787232320463
0.6,350,833.9240307294729,1388.12746974245,4.74331111111111,819.7982402488468,848.0498212100989,1371.2558195971742,1404.999119887726
0.6,400,1110.370306483646,1817.0188725331936,4.625933333333333,1096.557755738755,1124.1828572285367,1797.039108457775,1836.9986366086123
0.6,450,1327.522175209169,2146.8613216241474,4.523377777777777,1315.9246060629384,1339.1197443553997,2132.732770583645,2160.9898726646497
0.6,500,1503.6937843992027,2401.435792079176,4.4277999999999995,1492.1897793337664,1515.197789464639,2390.1034112267216,2412.76817293163
0.7,50,1.5450832666919023,2.687158258164936,0.9990222222222223,1.5343008048817217,1.555865728502083,2.666472818062799,2.7078436982670726
0.7,100,1.759580566197813,3.017669508703997,1.9824888888888885,1.7473153528718246,1.7718457795238014,2.977981138353387,3.0573578790546065
0.7,150,2.263434553885093,4.172127515352738,3.000866666666666,2.234654099422757,2.292215008347429,4.0579974315072525,4.2862575991982235
0.7,200,6.336543428634922,18.94828354806554,4.001622222222222,5.432251644658781,7.240835212611063,12.758265722807971,25.13830137332311
0.7,250,270.5963000167614,665.9043960580051,4.426266666666666,258.1160499956994,283.0765500378234,633.4372149720848,698.3715771439254
0.7,300,694.2540004327554,1335.6924563236603,4.3276,682.1194133370209,706.38858752849,1314.1665683858628,1357.2183442614578
0.7,350,1008.5028576522722,1788.0093086181394,4.237177777777778,989.9993285473536,1027.0063867571907,1758.2986390252297,1817.719978211049
0.7,400,1290.638750911182,2195.0777139445267,4.0800222222222216,1274.5510604090784,1306.7264414132853,2168.3262915002406,2221.829136388813
0.7,450,1499.6819550948655,2465.875216155786,4.005511111111111,1489.627323081888,1509.736587107843,2448.788603841189,2482.961828470383
0.7,500,1665.2015255497022,2686.8339384398696,3.8879555555555556,1648.7709446172166,1681.6321064821877,2667.921822375714,2705.7460545040253
0.8,50,1.434359359627601,2.607436473781679,0.995488888888889,1.4215868990283695,1.4471318202268324,2.5895935688293,2.6252793787340583
0.8,100,1.7336638162883147,3.1364094003063667,1.9998222222222224,1.7182240914469824,1.749103541129647,3.084872273996733,3.1879465266160003
0.8,150,2.6805146848780566,5.768011059679251,3.004022222222222,2.5645063115839966,2.7965230581721165,5.376596835303811,6.1594252840546915
0.8,200,143.85376371559758,313.518447125632,3.7774888888888887,131.30235191556864,156.40517551562652,286.0955044456258,340.9413898056382
0.8,250,546.7771907789237,1196.77087072771,3.8713333333333333,537.3025685388741,556.2518130189733,1167.0315818413178,1226.5101596141021
0.8,300,930.6645379150414,1770.4098383487137,3.7714666666666665,913.6033500612899,947.7257257687928,1741.0276529183866,1799.7920237790408
0.8,350,1225.0265278240681,2193.1412049044875,3.6658222222222223,1211.5977585491532,1238.455297098983,2168.7405498103335,2217.5418599986415
0.8,400,1478.3693540169347,2519.148236501382,3.5501111111111108,1462.9646945919394,1493.77401344193,2500.8817410163033,2537.414731986461
0.8,450,1672.4892309920765,2761.0746024680284,3.461244444444445,1660.741353668832,1684.237108315321,2749.1422931065795,2773.0069118294773
0.8,500,1852.6094245806903,2966.894319126491,3.3264222222222224,1837.041047149469,1868.1778020119116,2950.0625798234073,2983.726058429575
0.9,50,1.348812565410105,2.538440357938491,1.0045555555555554,1.3388000666651871,1.358825064155023,2.522875079214967,2.5540056366620147
0.9,100,1.7296473870606985,3.351090688641596,1.9930444444444444,1.7118980240951387,1.7473967500262584,3.2761911456708663,3.4259902316123254
0.9,150,4.389506817900298,11.378866860571478,3.001266666666667,3.9046821370780647,4.874331498722531,9.545211762655558,13.212521958487397
0.9,200,411.5413627293732,787.9919841608275,3.3296888888888887,394.2205875082527,428.86213795049366,762.4838254249782,813.5001428966768
0.9,250,824.032116054693,1582.169480167789,3.3144666666666667,808.7715434856254,839.2926886237606,1561.3388455447202,1603.0001147908579
0.9,300,1187.0340392442054,2119.054351267957,3.2162888888888888,1168.5659911976395,1205.5020872907712,2092.857837867965,2145.250864667949
0.9,350,1471.4147141408002,2493.8819764272007,3.1165555555555553,1461.7611857586157,1481.0682425229847,2480.001330855165,2507.762621999236
0.9,400,1699.1457623128613,2793.518105133831,3.0005333333333333,1686.1371599207534,1712.154364704969,2776.7100105284417,2810.32619973922
0.9,450,1890.3671534662924,3015.0472104531455,2.882555555555556,1866.9099926803372,1913.8243142522476,2993.340656738539,3036.753764167752
0.9,500,2071.5256391040243,3207.0601935063814,2.7622222222222224,2052.5492140708243,2090.5020641372244,3190.673480817613,3223.44690619515
1.0,50,1.2629208377661092,2.3856650305437186,1.0102000000000002,1.2430855085563512,1.2827561669758671,2.31028677439582,2.461043286691617
1.0,100,1.843363407658804,3.9696406193797613,2.0003111111111114,1.8096900926046622,1.8770367227129456,3.8564727979684004,4.082808440791122
1.0,150,36.21204480898478,64.83782494108314,2.965133333333333,24.00073448052195,48.42335513744761,46.53896431652633,83.13668556563995
1.0,200,722.2548221385525,1209.818113136626,2.8727555555555555,694.7949664577446,749.7146778193604,1175.058455080632,1244.5777711926198
1.0,250,1191.0183843027955,1938.916178381499,2.7557111111111112,1170.5663622771563,1211.4704063284348,1913.8844531953043,1963.9479035676939
1.0,300,1505.8585173091064,2405.6865567282503,2.659955555555556,1491.0965789985357,1520.6204556196772,2383.9186105964545,2427.454502860046
1.0,350,1751.5472776186784,2737.049280722046,2.5662666666666665,1737.8467517276988,1765.247803509658,2721.3927305437005,2752.705830900392
1.0,400,1970.4953249792597,3000.9068609261362,2.453511111111111,1957.7729572364547,1983.2176927220648,2986.7472398341806,3015.066482018092
1.0,450,2164.395023775362,3219.5985561592706,2.332088888888889,2152.739489632585,2176.050557918139,3210.065009673074,3229.132102645467
1.0,500,2343.9461730690755,3383.8266266086966,2.2044444444444444,2330.6223168738375,2357.2700292643135,3374.0327686338396,3393.6204845835537
